{
    "views": {
        "rmse": 2.2897847801546654,
        "mae": 1.7704802947729454,
        "r2": 0.29053465875245266,
        "baseline_rmse": 2.724344258690397,
        "baseline_mae": 2.2325505126054925,
        "baseline_r2": -0.004305467807942387
    },
    "likes": {
        "rmse": 2.435386353036579,
        "mae": 1.901836439619308,
        "r2": 0.31354545477911167,
        "baseline_rmse": 2.9541293434004254,
        "baseline_mae": 2.47004243887114,
        "baseline_r2": -0.010031833524087874
    },
    "retweets": {
        "rmse": 2.4625183464248463,
        "mae": 1.9787414089967268,
        "r2": 0.28310474631997595,
        "baseline_rmse": 2.932539492710144,
        "baseline_mae": 2.5710165482453857,
        "baseline_r2": -0.01668050153438405
    },
    "comments": {
        "rmse": 1.7367593009778841,
        "mae": 1.3885592620967004,
        "r2": 0.39716239090477123,
        "baseline_rmse": 2.2477042831422738,
        "baseline_mae": 1.9123143468601407,
        "baseline_r2": -0.009716418858988218
    }
}